,carat,cut,color,clarity,depth,table,price,x,y,z
0,0.53,Ideal,D,VS,61.4,56.0,1857,5.2,5.23,3.2
1,0.7,Very Good,D,SI,63.4,58.0,2734,5.63,5.66,3.58
2,1.0,Premium,G,VS,62.0,62.0,6115,6.38,6.33,3.94
3,1.22,Premium,D,SI,61.8,58.0,5643,6.86,6.8,4.22
4,0.41,Very Good,E,VS,62.7,58.0,833,4.68,4.73,2.95
5,1.01,Good,E,SI,64.1,59.0,4399,6.31,6.35,4.06
6,0.41,Ideal,D,SI,60.8,57.0,791,4.8,4.84,2.93
7,0.81,Premium,H,SI,59.1,57.0,2585,6.16,6.09,3.62
8,0.51,Very Good,I,VS,62.5,59.0,1301,5.1,5.14,3.2
9,2.54,Very Good,I,SI,63.4,56.0,12095,8.68,8.64,5.49
10,0.34,Good,F,SI,63.9,56.0,417,4.4,4.43,2.82
11,0.55,Ideal,F,VS,61.2,56.0,2079,5.33,5.28,3.25
12,0.43,Ideal,G,VVS,61.5,56.0,1264,4.87,4.85,2.99
13,0.9,Good,H,VVS,63.8,59.0,4847,6.09,6.13,3.9
14,0.32,Ideal,G,VVS,62.1,55.0,730,4.35,4.38,2.71
15,1.2,Premium,J,VS,62.0,59.0,4704,6.77,6.72,4.18
16,1.32,Premium,H,VS,61.3,58.0,5958,7.09,7.01,4.32
17,0.57,Premium,J,VS,60.2,62.0,1176,5.4,5.33,3.23
18,0.31,Very Good,H,VS,62.4,58.0,544,4.28,4.34,2.69
19,1.0,Premium,F,VS,62.2,59.0,6328,6.37,6.29,3.94
20,2.11,Premium,G,SI,62.2,58.0,13598,8.19,8.23,5.11
21,0.42,Ideal,H,SI,61.7,55.0,885,4.84,4.85,2.99
22,0.41,Ideal,F,VS,60.8,56.0,1007,4.76,4.79,2.92
23,0.35,Ideal,F,VS,61.9,54.0,906,4.54,4.5,2.8
24,0.41,Premium,E,VS,59.8,61.0,1153,4.85,4.79,2.88
25,0.72,Very Good,F,VVS,59.2,63.0,3952,5.77,5.86,3.44
26,0.39,Premium,G,VS,62.4,56.0,1009,4.68,4.64,2.91
27,0.4,Ideal,D,VS,62.3,57.0,982,4.72,4.75,2.95
28,0.32,Premium,I,VVS,60.7,59.0,720,4.43,4.4,2.68
29,0.31,Ideal,E,SI,61.1,56.0,660,4.39,4.41,2.69
30,0.44,Very Good,G,SI,61.6,61.0,772,4.83,4.88,2.99
31,0.52,Premium,D,VS,62.4,58.0,1749,5.09,5.13,3.19
32,1.2,Premium,J,SI,58.5,61.0,4778,6.95,6.89,4.05
33,1.01,Good,H,VVS,63.3,57.0,5988,6.35,6.39,4.03
34,1.16,Ideal,H,SI,62.2,55.0,5554,6.79,6.74,4.21
35,0.38,Ideal,E,VVS,61.9,57.0,1100,4.63,4.65,2.87
36,1.15,Premium,G,VS,63.0,60.0,7032,6.68,6.6,4.18
37,0.28,Very Good,E,VVS,61.1,60.0,646,4.17,4.21,2.56
38,1.7,Ideal,J,SI,62.0,53.0,7464,7.68,7.65,4.75
39,1.31,Premium,H,VS,59.8,58.0,7732,7.19,7.09,4.27
40,2.05,Premium,F,SI,60.2,59.0,18784,8.28,8.33,5.0
41,0.74,Very Good,G,VS,60.9,59.0,3389,5.9,5.86,3.58
42,0.32,Very Good,I,SI,63.4,56.0,480,4.37,4.34,2.76
43,0.32,Premium,H,SI,61.3,60.0,449,4.36,4.42,2.69
44,1.05,Very Good,F,VS,62.0,56.0,6545,6.48,6.52,4.03
45,1.01,Good,E,VS,61.2,62.0,5972,6.34,6.38,3.89
46,1.0,Very Good,F,SI,61.1,61.0,4372,6.35,6.38,3.89
47,0.3,Very Good,G,VVS,63.2,57.0,878,4.27,4.24,2.69
48,0.5,Ideal,H,SI,61.3,54.0,1666,5.12,5.16,3.15
49,0.71,Ideal,G,VS,61.8,55.0,3431,5.71,5.76,3.55
50,1.02,Very Good,I,SI,63.4,57.0,3769,6.37,6.4,4.05
51,0.7,Very Good,H,IF,62.8,56.0,2882,5.62,5.65,3.54
52,0.35,Premium,G,VVS,62.8,58.0,1024,4.48,4.44,2.8
53,0.36,Very Good,D,SI,63.0,59.0,501,4.49,4.52,2.84
54,1.7,Ideal,I,SI,62.9,57.0,9901,7.57,7.5,4.74
55,0.74,Good,H,VS,57.5,57.0,2369,5.94,6.01,3.44
56,0.4,Very Good,E,VS,63.8,55.0,791,4.66,4.71,2.99
57,0.26,Ideal,H,VVS,61.2,56.0,600,4.16,4.11,2.53
58,0.42,Ideal,D,VS,61.4,56.0,1031,4.8,4.84,2.96
59,0.91,Very Good,F,SI,60.4,59.0,4437,6.22,6.26,3.77
60,1.51,Premium,F,SI,60.7,58.0,11666,7.41,7.38,4.49
61,0.34,Ideal,D,VS,60.8,57.0,1033,4.52,4.5,2.74
62,0.3,Ideal,D,VS,61.1,56.0,911,4.36,4.32,2.65
63,1.57,Very Good,I,VS,59.7,61.0,10336,7.51,7.62,4.52
64,0.42,Ideal,I,VS,61.5,56.0,771,4.83,4.86,2.98
65,0.7,Good,D,SI,59.9,63.0,2444,5.74,5.81,3.46
66,1.5,Very Good,H,SI,62.9,57.0,8931,7.24,7.28,4.57
67,0.32,Very Good,H,SI,61.8,56.0,482,4.38,4.41,2.71
68,0.42,Premium,F,VS,60.9,59.0,1103,4.85,4.8,2.94
69,0.7,Very Good,I,SI,62.8,59.0,1763,5.63,5.67,3.55
70,1.08,Premium,G,VS,59.4,59.0,6415,6.68,6.75,3.99
71,1.02,Premium,D,SI,62.5,59.0,4907,6.43,6.38,4.0
72,0.51,Ideal,F,VVS,61.7,57.0,2163,5.12,5.15,3.17
73,0.3,Very Good,G,VVS,59.8,62.0,737,4.33,4.36,2.6
74,0.36,Premium,D,SI,61.5,59.0,663,4.52,4.55,2.79
75,0.7,Premium,G,VS,62.2,57.0,2648,5.69,5.66,3.53
76,0.5,Very Good,G,VVS,61.5,56.0,1843,5.11,5.14,3.15
77,0.32,Ideal,D,VS,61.4,57.0,1044,4.43,4.4,2.71
78,2.21,Very Good,G,SI,60.7,62.0,15825,8.42,8.48,5.13
79,0.42,Premium,F,VS,61.9,58.0,945,4.8,4.76,2.96
80,0.63,Ideal,F,VVS,62.3,56.0,2961,5.48,5.5,3.42
81,0.5,Premium,G,VS,62.5,60.0,1746,5.08,5.06,3.17
82,0.31,Ideal,H,SI,62.0,53.9,491,4.35,4.39,2.7
83,0.41,Ideal,F,SI,62.8,57.0,969,4.73,4.69,2.96
84,1.05,Very Good,D,SI,59.3,59.0,5952,6.63,6.69,3.95
85,1.51,Premium,E,SI,60.3,58.0,12336,7.47,7.43,4.49
86,1.01,Good,D,SI,63.6,61.0,3959,6.35,6.33,4.03
87,1.04,Ideal,H,VS,62.2,56.6,6255,6.43,6.49,4.02
88,0.73,Ideal,F,VS,62.9,56.0,3135,5.71,5.77,3.61
89,1.32,Ideal,I,SI,62.0,57.0,7162,6.99,7.04,4.35
90,1.11,Premium,H,VS,62.0,59.0,5395,6.66,6.59,4.11
91,0.93,Ideal,G,SI,60.9,57.0,3521,6.29,6.25,3.82
92,1.02,Ideal,H,SI,60.5,56.0,4243,6.53,6.57,3.96
93,0.72,Ideal,D,VS,62.8,57.0,3179,5.68,5.73,3.58
94,1.98,Very Good,I,VS,62.7,60.0,15083,7.9,7.96,4.98
95,0.35,Good,F,SI,63.6,54.0,748,4.52,4.51,2.87
96,1.5,Very Good,F,SI,63.1,54.0,7560,7.29,7.26,4.59
97,0.39,Very Good,F,VVS,61.7,56.0,965,4.7,4.74,2.91
98,1.08,Ideal,G,SI,61.9,57.0,4544,6.55,6.57,4.06
99,1.07,Very Good,F,VS,62.0,56.0,7513,6.51,6.55,4.05
100,0.71,Very Good,D,VS,64.1,57.0,3332,5.64,5.66,3.62
101,0.39,Premium,E,VS,59.7,59.0,975,4.83,4.79,2.87
102,1.02,Ideal,D,SI,61.7,56.0,7564,6.4,6.49,3.97
103,0.55,Ideal,H,VS,62.5,54.0,1402,5.24,5.29,3.29
104,1.5,Very Good,G,VS,60.2,58.0,13596,7.38,7.41,4.45
105,0.71,Premium,E,VS,59.0,59.0,2711,5.78,5.88,3.44
106,0.5,Ideal,H,VVS,61.6,57.0,1842,5.08,5.14,3.15
107,1.33,Ideal,H,SI,62.7,56.0,7217,7.04,6.99,4.4
108,1.2,Very Good,H,SI,58.8,61.0,5211,6.94,6.98,4.09
109,1.5,Ideal,I,VS,60.0,61.0,9827,7.39,7.42,4.44
110,0.85,Ideal,D,VVS,62.0,56.0,7230,6.05,6.11,3.77
111,0.54,Ideal,G,VVS,60.6,56.0,2090,5.27,5.26,3.19
112,1.21,Premium,E,SI,61.5,58.0,6223,6.86,6.79,4.2
113,1.24,Ideal,G,VVS,61.4,58.0,10395,6.88,6.92,4.24
114,0.42,Ideal,G,IF,62.0,57.0,1251,4.8,4.82,2.98
115,2.74,Very Good,H,SI,63.3,58.0,17184,8.88,8.84,5.61
116,0.81,Ideal,E,SI,60.2,57.0,2938,6.1,6.06,3.66
117,0.7,Premium,E,VS,61.5,59.0,2822,5.73,5.68,3.51
118,0.34,Ideal,G,VVS,61.7,56.0,863,4.5,4.55,2.79
119,0.43,Ideal,G,IF,61.7,57.0,1286,4.83,4.86,2.99
120,0.62,Ideal,F,VVS,61.9,56.0,3499,5.46,5.48,3.38
121,1.02,Premium,G,VS,62.7,61.0,5998,6.39,6.34,3.99
122,0.65,Good,E,VS,57.8,61.2,2406,5.72,5.78,3.32
123,0.54,Ideal,G,VVS,61.8,55.0,2236,5.27,5.24,3.25
124,0.31,Premium,F,VS,61.8,59.0,802,4.33,4.31,2.67
125,0.41,Premium,G,VS,62.1,60.0,961,4.78,4.72,2.95
126,0.31,Ideal,H,VVS,61.5,56.0,625,4.35,4.37,2.68
127,0.34,Good,G,SI,63.9,58.0,507,4.4,4.43,2.82
128,0.51,Premium,F,SI,60.7,58.0,1421,5.14,5.1,3.11
129,0.52,Ideal,E,VS,61.4,54.0,1576,5.2,5.23,3.2
130,1.01,Premium,F,SI,61.7,60.0,4533,6.36,6.42,3.94
131,0.34,Premium,J,VS,61.7,58.0,574,4.47,4.41,2.74
132,0.5,Ideal,G,VVS,60.5,55.0,1935,5.15,5.13,3.11
133,1.27,Ideal,G,VS,61.9,57.0,9489,6.9,6.93,4.28
134,1.14,Ideal,G,SI,61.7,56.0,6741,6.71,6.75,4.15
135,0.33,Premium,G,VVS,62.8,57.0,965,4.47,4.39,2.78
136,0.3,Good,H,VVS,63.1,54.0,638,4.28,4.34,2.72
137,0.7,Ideal,J,SI,61.4,55.0,1767,5.72,5.75,3.52
138,0.25,Very Good,E,VVS,60.1,57.0,526,4.08,4.11,2.46
139,0.39,Very Good,G,VS,60.4,61.0,787,4.67,4.7,2.83
140,0.43,Good,H,VVS,60.0,61.0,1000,4.91,4.93,2.95
141,0.5,Good,D,VS,63.3,54.0,1635,5.04,5.07,3.2
142,0.92,Ideal,H,IF,62.5,55.0,5758,6.25,6.3,3.92
143,1.0,Premium,F,SI,61.1,61.0,4452,6.38,6.35,3.89
144,1.06,Ideal,H,SI,60.9,56.0,4563,6.58,6.63,4.02
145,1.0,Very Good,F,SI,62.9,59.0,4081,6.3,6.39,3.99
146,0.33,Premium,G,VVS,61.9,58.0,965,4.43,4.39,2.73
147,0.7,Ideal,H,VS,61.9,56.0,2710,5.7,5.73,3.54
148,1.0,Very Good,E,SI,61.9,62.0,4864,6.34,6.4,3.94
149,0.73,Ideal,H,VS,62.7,55.0,2793,5.72,5.76,3.6
150,1.18,Premium,G,SI,60.5,60.0,4988,6.88,6.81,4.14
151,0.36,Ideal,D,SI,62.0,56.0,851,4.61,4.55,2.84
152,0.83,Very Good,J,VS,60.5,55.0,2444,6.08,6.11,3.69
153,1.7,Premium,G,VS,60.3,60.0,15941,7.72,7.64,4.63
154,0.27,Premium,E,VS,61.5,58.0,603,4.22,4.17,2.58
155,0.94,Premium,D,SI,60.7,60.0,4817,6.32,6.27,3.82
156,1.0,Premium,E,SI,61.1,58.0,4620,6.44,6.48,3.95
157,1.12,Ideal,G,VS,62.1,55.0,7364,6.64,6.67,4.13
158,0.43,Good,F,VS,63.4,57.0,943,4.76,4.8,3.03
159,1.56,Premium,H,VS,62.2,58.0,10424,7.41,7.44,4.62
160,1.23,Premium,F,VS,62.9,58.0,8486,6.82,6.76,4.27
161,1.34,Ideal,J,VS,62.0,57.0,6010,7.12,7.04,4.39
162,1.01,Very Good,E,SI,62.4,58.0,4355,6.36,6.42,3.99
163,0.32,Very Good,D,SI,60.1,60.0,619,4.38,4.4,2.64
164,0.7,Good,D,SI,58.5,65.0,2310,5.79,5.76,3.38
165,0.32,Premium,F,VS,59.5,60.0,602,4.46,4.48,2.66
166,0.41,Very Good,G,VVS,59.1,60.0,889,4.84,4.87,2.87
167,0.93,Ideal,I,SI,62.5,55.0,3856,6.23,6.29,3.91
168,0.31,Premium,H,IF,60.8,59.0,739,4.36,4.39,2.66
169,0.3,Ideal,D,SI,61.0,56.0,552,4.35,4.37,2.66
170,1.01,Very Good,H,VS,61.0,63.0,4959,6.38,6.41,3.9
171,0.7,Ideal,E,SI,62.1,56.0,2453,5.65,5.68,3.52
172,1.06,Ideal,G,VS,61.3,57.0,8093,6.53,6.56,4.01
173,0.5,Premium,D,VS,61.2,60.0,1752,5.08,5.12,3.12
174,0.71,Premium,F,SI,62.7,57.0,2633,5.68,5.65,3.55
175,2.04,Very Good,J,VS,59.9,59.0,12095,8.25,8.32,4.96
176,0.35,Ideal,D,VS,61.4,56.0,1026,4.55,4.58,2.8
177,0.35,Ideal,E,VVS,62.2,56.0,1044,4.51,4.53,2.81
178,0.74,Very Good,H,SI,62.1,58.0,2222,5.82,5.78,3.6
179,0.31,Very Good,E,SI,63.4,57.0,698,4.33,4.31,2.74
180,1.27,Premium,H,VS,62.1,60.0,7219,6.94,6.88,4.29
181,0.8,Ideal,G,SI,61.3,57.0,2867,5.96,5.91,3.64
182,1.12,Ideal,F,SI,61.8,56.0,5277,6.65,6.68,4.12
183,0.31,Good,I,SI,63.8,55.0,408,4.31,4.34,2.76
184,0.94,Premium,F,SI,59.8,61.0,4748,6.39,6.35,3.81
185,1.11,Ideal,E,IF,61.8,55.0,15464,6.65,6.69,4.12
186,1.51,Very Good,F,SI,63.2,57.0,9417,7.34,7.23,4.6
187,0.3,Premium,I,IF,60.5,59.0,810,4.34,4.32,2.62
188,0.32,Ideal,E,VS,61.4,56.0,900,4.43,4.4,2.71
189,1.5,Ideal,H,SI,62.8,55.0,8614,7.27,7.31,4.58
190,0.35,Ideal,H,VVS,63.0,55.0,906,4.5,4.48,2.83
191,0.73,Ideal,H,VS,62.0,54.0,2583,5.79,5.83,3.6
192,0.41,Ideal,F,VS,61.3,55.0,1007,4.79,4.83,2.95
193,0.32,Premium,F,VS,61.2,59.0,645,4.4,4.42,2.7
194,0.9,Good,G,SI,63.7,62.0,3014,6.07,6.01,3.85
195,1.22,Ideal,F,VS,62.3,57.0,9920,6.79,6.83,4.24
196,0.91,Ideal,E,SI,62.6,57.0,3772,6.13,6.18,3.85
197,1.0,Ideal,H,SI,62.6,56.0,4256,6.38,6.34,3.98
198,0.3,Ideal,D,VS,59.5,56.0,778,4.41,4.37,2.61
199,1.53,Premium,J,IF,61.1,58.0,9596,7.45,7.41,4.54
200,0.9,Good,F,SI,63.9,55.0,3453,6.15,6.12,3.92
201,1.41,Premium,D,VVS,60.8,57.0,17216,7.28,7.23,4.41
202,0.7,Ideal,I,VVS,61.5,57.0,2620,5.72,5.75,3.52
203,0.7,Ideal,F,VS,61.3,57.0,3008,5.7,5.76,3.51
204,0.7,Very Good,I,VS,61.8,59.0,2200,5.67,5.73,3.52
205,1.07,Premium,D,VS,61.3,59.0,7751,6.61,6.53,4.03
206,0.32,Very Good,G,SI,63.0,56.0,421,4.32,4.35,2.73
207,1.02,Premium,G,IF,61.8,59.0,8643,6.46,6.41,3.98
208,0.31,Premium,E,VVS,61.5,58.0,988,4.37,4.35,2.68
209,0.31,Premium,E,VS,60.5,60.0,544,4.34,4.39,2.64
210,1.01,Premium,G,VS,62.3,59.0,6499,6.38,6.42,3.99
211,0.7,Very Good,H,VS,60.3,63.0,2399,5.77,5.73,3.47
212,0.53,Ideal,D,SI,61.2,57.0,1706,5.24,5.19,3.19
213,1.12,Premium,H,SI,61.0,59.0,4077,6.72,6.66,4.08
214,0.59,Ideal,G,SI,61.8,56.0,1718,5.37,5.39,3.32
215,0.31,Ideal,D,SI,62.6,57.0,732,4.33,4.3,2.7
216,0.9,Ideal,D,SI,62.1,57.0,4523,6.18,6.25,3.86
217,0.54,Premium,D,VVS,61.4,57.5,3194,5.25,5.28,3.23
218,0.76,Ideal,D,SI,62.2,57.0,2682,5.83,5.85,3.63
219,1.54,Premium,F,SI,62.0,56.0,7486,7.51,7.4,4.62
220,1.01,Ideal,H,VS,62.7,57.0,5306,6.41,6.39,4.01
221,0.35,Ideal,I,IF,62.7,55.0,778,4.51,4.55,2.84
222,0.44,Ideal,E,VS,61.5,56.0,1003,4.9,4.92,3.02
223,0.31,Premium,G,SI,60.7,60.0,593,4.36,4.34,2.64
224,0.9,Good,E,VS,64.0,58.0,4203,6.07,6.02,3.87
225,0.59,Ideal,E,SI,61.6,54.0,1248,5.42,5.45,3.35
226,0.9,Good,E,SI,62.1,63.0,3724,6.09,6.12,3.79
227,0.36,Ideal,D,VS,61.1,57.0,928,4.6,4.63,2.82
228,0.71,Ideal,D,SI,61.3,57.0,2610,5.71,5.78,3.52
229,0.31,Ideal,D,VS,60.7,56.0,734,4.35,4.38,2.65
230,2.01,Premium,G,SI,60.1,60.0,17403,8.25,8.18,4.94
231,0.51,Very Good,E,SI,62.5,57.0,1438,5.06,5.09,3.17
232,0.74,Ideal,D,SI,61.8,56.0,3517,5.84,5.88,3.62
233,0.3,Very Good,D,SI,63.3,57.0,574,4.3,4.26,2.71
234,0.41,Ideal,F,VS,61.3,55.0,1076,4.83,4.79,2.95
235,1.21,Premium,H,SI,60.6,56.0,5140,6.92,6.84,4.17
236,1.51,Good,J,SI,64.1,61.0,6394,7.16,7.19,4.6
237,0.52,Ideal,G,VS,62.3,54.0,1629,5.15,5.18,3.22
238,0.25,Premium,F,VVS,60.7,59.0,740,4.1,4.07,2.48
239,0.41,Good,H,SI,63.8,56.0,876,4.74,4.69,3.01
240,2.09,Very Good,F,SI,63.4,55.0,18640,8.18,8.11,5.16
241,1.01,Very Good,E,VVS,63.6,55.0,10993,6.35,6.39,4.05
242,0.3,Ideal,F,VS,61.9,55.0,605,4.31,4.32,2.67
243,0.34,Ideal,D,VS,61.6,55.0,687,4.48,4.54,2.78
244,1.41,Premium,D,SI,61.1,56.0,6988,7.19,7.15,4.38
245,1.12,Ideal,G,VS,61.0,57.0,7634,6.69,6.72,4.09
246,0.62,Ideal,D,VS,61.9,57.0,2508,5.47,5.55,3.41
247,0.71,Ideal,E,SI,61.9,55.0,3360,5.74,5.77,3.56
248,0.9,Good,E,SI,60.8,65.0,3933,6.14,6.17,3.74
249,0.56,Very Good,D,VVS,61.8,55.0,2866,5.27,5.31,3.27
250,1.2,Very Good,G,VS,60.2,60.0,8442,6.91,7.0,4.19
251,0.5,Good,E,SI,63.1,58.0,1077,5.05,5.09,3.2
252,1.71,Very Good,H,SI,59.5,59.0,12791,7.78,7.81,4.64
253,0.21,Premium,E,SI,59.8,61.0,326,3.89,3.84,2.31
254,0.32,Ideal,F,VVS,62.3,55.0,854,4.37,4.4,2.73
255,1.5,Premium,I,VS,58.4,61.0,8820,7.48,7.42,4.35
256,2.11,Premium,I,SI,62.3,56.0,13701,8.23,8.13,5.1
257,0.54,Ideal,F,VS,61.3,57.0,2333,5.29,5.24,3.23
258,0.41,Premium,I,VVS,62.0,56.0,1107,4.77,4.75,2.95
259,0.32,Ideal,H,SI,61.9,54.0,420,4.42,4.46,2.75
260,1.5,Very Good,E,SI,62.0,57.0,11690,7.25,7.33,4.52
261,0.56,Ideal,G,VS,61.8,55.0,1712,5.28,5.37,3.29
262,0.31,Ideal,H,IF,60.0,57.0,1046,4.41,4.39,2.64
263,1.2,Premium,H,SI,62.7,56.0,5746,6.78,6.75,4.24
264,0.33,Ideal,F,VVS,61.9,55.0,955,4.42,4.44,2.74
265,0.73,Ideal,E,SI,62.2,56.0,3038,5.76,5.79,3.59
266,1.0,Very Good,D,SI,63.1,56.0,5645,6.34,6.3,3.99
267,0.56,Ideal,H,VS,60.9,57.0,1388,5.32,5.36,3.25
268,1.0,Ideal,G,VS,62.3,54.0,6272,6.42,6.38,3.99
269,0.81,Very Good,I,VS,62.7,58.0,2950,5.9,5.96,3.72
270,0.3,Premium,F,SI,62.3,58.0,506,4.32,4.28,2.68
271,0.32,Ideal,H,IF,61.4,55.0,814,4.42,4.47,2.73
272,0.9,Good,F,VS,63.8,55.0,4309,6.09,6.13,3.9
273,0.3,Very Good,G,VVS,62.9,55.0,638,4.28,4.31,2.7
274,2.04,Premium,I,SI,62.2,57.0,16942,8.14,8.07,5.04
275,1.52,Very Good,I,VS,62.9,59.9,10032,7.27,7.31,4.59
276,0.41,Very Good,E,SI,63.4,58.0,818,4.75,4.71,3.0
277,0.42,Very Good,G,SI,61.9,55.0,798,4.78,4.88,2.99
278,0.76,Very Good,H,SI,61.4,57.0,2557,5.89,5.94,3.63
279,1.01,Premium,G,VS,61.6,60.0,6108,6.51,6.42,3.98
280,0.3,Ideal,G,IF,61.8,55.0,813,4.33,4.35,2.68
281,0.41,Ideal,F,VVS,61.9,55.0,1192,4.79,4.78,2.96
282,0.72,Very Good,I,VS,64.0,56.0,2048,5.65,5.73,3.65
283,0.3,Ideal,H,VVS,62.8,57.0,776,4.25,4.22,2.66
284,0.71,Ideal,E,SI,62.3,57.0,2190,5.66,5.74,3.55
285,1.01,Premium,F,VS,61.2,59.0,7982,6.48,6.42,3.95
286,0.5,Very Good,E,SI,60.7,61.0,1316,5.09,5.12,3.1
287,0.3,Very Good,H,SI,61.3,61.0,421,4.25,4.27,2.61
288,1.01,Premium,I,SI,61.7,60.0,3818,6.4,6.34,3.93
289,0.34,Very Good,H,VVS,61.4,58.0,686,4.46,4.5,2.75
290,0.7,Very Good,D,VS,63.2,60.0,3033,5.61,5.56,3.53
291,0.31,Premium,I,VVS,62.2,57.0,698,4.37,4.34,2.71
292,1.02,Premium,G,VS,62.1,58.0,6397,6.5,6.44,4.02
293,0.91,Very Good,G,SI,62.0,58.0,3387,6.13,6.2,3.82
294,1.09,Ideal,H,SI,62.4,55.0,4871,6.68,6.59,4.14
295,0.25,Very Good,D,VVS,61.3,59.0,575,4.07,4.12,2.51
296,1.01,Premium,H,VS,61.5,59.0,5400,6.49,6.48,3.99
297,0.56,Ideal,D,SI,61.3,56.0,1243,5.3,5.33,3.26
298,0.41,Ideal,G,IF,62.3,55.0,1367,4.75,4.78,2.97
299,0.23,Ideal,G,IF,61.7,55.0,536,3.94,3.98,2.44
300,0.36,Very Good,H,VVS,61.3,55.0,668,4.58,4.64,2.81
301,2.01,Very Good,J,SI,61.6,60.0,12084,7.99,8.02,4.93
302,0.55,Premium,G,VS,59.4,62.0,1792,5.36,5.32,3.17
303,0.72,Very Good,H,SI,61.5,56.0,2277,5.77,5.8,3.56
304,1.0,Premium,H,VS,61.9,61.0,4536,6.37,6.23,3.9
305,0.32,Ideal,D,SI,62.0,57.0,589,4.37,4.4,2.72
306,0.31,Ideal,E,VS,61.9,55.0,680,4.36,4.39,2.71
307,0.5,Very Good,F,VS,63.0,55.0,1436,5.04,5.09,3.19
308,0.3,Very Good,D,SI,63.3,55.0,709,4.31,4.28,2.72
309,1.01,Premium,F,VS,63.0,58.0,6097,6.43,6.36,4.03
310,0.7,Very Good,F,VVS,60.6,60.0,3536,5.67,5.7,3.45
311,0.5,Premium,G,VS,60.7,62.0,1629,5.1,5.08,3.09
312,0.5,Ideal,H,VS,61.3,56.0,1349,5.12,5.16,3.15
313,1.53,Premium,G,SI,58.5,59.0,6788,7.52,7.49,4.39
314,0.54,Ideal,F,VS,61.3,57.0,1572,5.28,5.25,3.23
315,1.12,Ideal,E,VS,61.3,56.0,8991,6.7,6.72,4.11
316,1.29,Premium,G,VS,61.9,58.0,8530,7.02,6.97,4.33
317,0.71,Good,I,VS,63.6,56.0,2306,5.65,5.7,3.61
318,1.23,Premium,J,VS,62.7,58.0,5412,6.79,6.82,4.27
319,1.3,Ideal,G,VVS,62.0,57.0,11073,6.96,7.03,4.34
320,1.09,Ideal,J,SI,62.7,57.0,4465,6.53,6.59,4.11
321,1.61,Ideal,F,SI,62.6,58.0,12085,7.44,7.48,4.67
322,0.74,Good,F,SI,62.6,65.0,2685,5.66,5.69,3.55
323,1.64,Premium,H,SI,59.3,61.0,11159,7.68,7.64,4.54
324,0.53,Very Good,E,VVS,63.1,60.0,2043,5.12,5.08,3.22
325,1.01,Ideal,F,SI,62.5,55.0,4416,6.39,6.4,4.0
326,1.03,Premium,D,SI,60.5,61.0,5410,6.47,6.43,3.9
327,1.01,Premium,H,SI,63.0,59.0,3671,6.33,6.27,3.97
328,0.56,Very Good,D,SI,62.2,63.0,1378,5.23,5.28,3.27
329,1.26,Ideal,D,VS,62.5,57.0,8256,6.9,6.85,4.3
330,2.02,Very Good,D,SI,62.3,56.0,17263,7.99,8.06,5.0
331,1.0,Very Good,G,VVS,63.5,55.0,5914,6.36,6.3,4.02
332,0.71,Very Good,D,VS,63.4,55.0,2841,5.69,5.61,3.58
333,0.9,Good,D,SI,60.3,64.0,3473,6.14,6.1,3.69
334,1.27,Ideal,H,VS,60.3,56.0,7219,7.08,7.02,4.25
335,1.02,Premium,F,VVS,60.8,58.0,9980,6.56,6.46,3.96
336,0.9,Very Good,F,SI,61.4,62.0,3770,6.11,6.2,3.78
337,0.41,Ideal,E,VVS,61.3,57.0,1431,4.79,4.77,2.93
338,0.44,Ideal,E,SI,62.6,56.0,1040,4.9,4.84,3.05
339,0.31,Ideal,G,IF,62.0,54.0,801,4.35,4.39,2.71
340,1.76,Very Good,G,VVS,61.1,59.0,17888,7.81,7.9,4.8
341,0.5,Good,E,SI,64.6,54.0,1232,4.95,5.05,3.23
342,0.52,Premium,G,VVS,61.1,59.0,2012,5.2,5.15,3.16
343,0.37,Good,H,SI,64.0,55.0,528,4.53,4.57,2.91
344,0.25,Ideal,F,IF,62.3,54.0,739,4.06,4.09,2.54
345,0.33,Premium,D,VVS,61.8,58.0,1129,4.4,4.43,2.73
346,0.7,Good,H,VVS,58.9,61.5,2699,5.77,5.84,3.42
347,0.5,Very Good,E,VVS,62.4,55.0,2275,5.08,5.11,3.18
348,1.73,Very Good,G,VS,62.9,58.0,16807,7.58,7.65,4.79
349,0.8,Ideal,F,SI,62.8,54.0,2975,5.9,5.97,3.74
350,2.01,Premium,H,SI,62.3,60.0,14558,7.97,7.95,4.96
351,1.52,Premium,H,SI,62.1,59.0,9527,7.29,7.36,4.55
352,0.5,Premium,G,VS,59.4,60.0,1746,5.17,5.13,3.06
353,0.32,Ideal,G,VS,61.6,57.0,720,4.41,4.39,2.71
354,1.28,Ideal,G,VS,62.0,57.0,9498,6.97,6.96,4.32
355,0.74,Premium,F,VS,61.7,57.0,3170,5.85,5.79,3.59
356,0.51,Ideal,F,VS,62.1,56.0,1744,5.13,5.15,3.19
357,0.41,Ideal,F,VVS,61.9,55.0,1115,4.78,4.79,2.96
358,1.05,Premium,G,SI,61.8,60.0,4198,6.49,6.46,4.0
359,0.61,Ideal,F,SI,62.3,57.0,1303,5.38,5.44,3.37
360,1.31,Ideal,E,VS,61.7,55.0,10711,7.11,7.05,4.37
361,0.51,Ideal,G,VS,62.3,54.0,1660,5.17,5.12,3.21
362,0.51,Premium,E,SI,62.5,57.0,1546,5.09,5.06,3.17
363,1.7,Very Good,H,VS,61.9,60.0,12874,7.57,7.61,4.7
364,1.23,Very Good,G,VVS,61.2,55.8,11081,6.9,6.94,4.23
365,0.34,Premium,G,SI,61.5,56.0,650,4.52,4.45,2.76
366,1.0,Good,F,IF,63.2,63.0,9867,6.24,6.26,3.95
367,1.09,Ideal,G,VVS,61.2,57.0,8295,6.62,6.66,4.06
368,1.12,Very Good,H,SI,62.5,58.0,4373,6.58,6.63,4.13
369,0.46,Good,F,VS,59.2,63.0,1228,5.0,5.03,2.97
370,0.42,Ideal,G,SI,62.9,54.0,945,4.81,4.79,3.02
371,0.38,Ideal,I,VVS,63.4,53.0,809,4.61,4.63,2.93
372,1.42,Good,E,SI,60.1,61.0,8019,7.32,7.42,4.43
373,1.2,Ideal,E,VS,61.3,56.0,10214,6.89,6.84,4.21
374,0.32,Ideal,H,VVS,62.1,54.0,730,4.4,4.42,2.74
375,0.76,Premium,E,VS,60.3,60.0,3107,5.97,5.94,3.59
376,0.51,Very Good,F,VVS,60.3,55.0,2633,5.22,5.26,3.16
377,0.57,Ideal,F,VS,59.2,57.0,1637,5.45,5.5,3.24
378,0.41,Ideal,G,VS,62.1,57.0,1061,4.78,4.72,2.95
379,1.06,Ideal,G,VS,61.2,56.0,7790,6.56,6.62,4.03
380,0.7,Ideal,H,VS,61.8,56.0,2691,5.69,5.72,3.53
381,1.24,Ideal,H,VS,61.4,57.0,5683,6.92,6.88,4.24
382,1.16,Premium,F,SI,62.1,59.0,3787,6.74,6.63,4.15
383,1.51,Premium,H,SI,62.4,58.0,8388,7.36,7.31,4.58
384,0.31,Ideal,I,VS,61.2,55.0,507,4.37,4.39,2.68
385,0.33,Very Good,G,VVS,60.0,63.0,752,4.45,4.49,2.68
386,1.23,Good,G,SI,63.1,56.0,6545,6.78,6.81,4.29
387,1.42,Premium,F,SI,59.7,57.0,7755,7.33,7.3,4.37
388,1.01,Very Good,F,SI,62.7,57.0,5174,6.32,6.38,3.98
389,1.33,Premium,I,VS,61.5,58.0,6963,7.02,7.06,4.33
390,1.68,Ideal,G,VS,62.5,54.0,15740,7.61,7.64,4.76
391,0.33,Ideal,E,VS,60.3,57.0,723,4.51,4.54,2.73
392,0.34,Ideal,E,SI,61.7,56.0,765,4.52,4.49,2.78
393,0.97,Premium,F,SI,59.9,59.0,4726,6.39,6.36,3.82
394,0.51,Ideal,D,SI,62.6,57.0,1619,5.11,5.08,3.19
395,0.4,Very Good,D,VS,63.3,57.0,967,4.66,4.72,2.97
396,0.33,Ideal,E,SI,62.0,54.0,743,4.43,4.41,2.74
397,1.0,Ideal,I,SI,61.8,55.0,4602,6.41,6.44,3.97
398,0.34,Ideal,G,VS,61.8,56.0,596,4.48,4.52,2.78
399,0.47,Ideal,H,IF,61.9,56.0,1865,4.99,5.02,3.1
400,0.8,Very Good,F,SI,63.5,55.0,2914,5.86,5.89,3.73
401,0.32,Premium,E,SI,59.7,60.0,576,4.45,4.43,2.65
402,0.7,Good,F,SI,62.2,59.0,2062,5.62,5.64,3.5
403,0.7,Premium,F,VVS,62.2,56.0,3018,5.72,5.63,3.53
404,0.39,Premium,J,VS,61.3,60.0,581,4.65,4.68,2.86
405,0.9,Premium,D,SI,61.0,59.0,3740,6.18,6.14,3.76
406,1.38,Premium,G,SI,59.2,59.0,6779,7.35,7.29,4.33
407,1.08,Very Good,E,SI,63.0,56.0,5805,6.5,6.52,4.1
408,0.59,Ideal,D,SI,62.5,55.0,1820,5.35,5.4,3.36
409,0.42,Premium,E,SI,62.7,57.0,992,4.83,4.77,3.01
410,0.24,Ideal,F,VVS,62.0,56.0,678,3.99,4.01,2.48
411,2.0,Premium,F,SI,58.8,61.0,17172,8.29,8.23,4.86
412,0.9,Ideal,D,SI,62.4,56.0,4007,6.24,6.16,3.87
413,0.29,Very Good,F,IF,59.9,56.0,815,4.35,4.37,2.61
414,1.2,Very Good,G,VVS,63.3,59.0,8928,6.72,6.64,4.23
415,0.53,Ideal,F,VS,62.1,57.0,1908,5.21,5.16,3.22
416,0.31,Ideal,F,VS,60.8,57.0,583,4.38,4.41,2.67
417,0.77,Premium,E,SI,61.7,61.0,2614,5.93,5.9,3.65
418,0.33,Ideal,I,VVS,62.4,57.0,743,4.44,4.41,2.76
419,0.7,Ideal,F,SI,61.2,56.0,2161,5.72,5.78,3.52
420,0.5,Ideal,D,SI,62.0,54.0,1404,5.09,5.13,3.17
421,0.9,Ideal,J,IF,62.2,57.0,3677,6.17,6.14,3.83
422,1.51,Very Good,I,SI,62.6,60.0,8637,7.27,7.34,4.57
423,1.04,Ideal,F,SI,61.3,55.0,5321,6.51,6.53,4.0
424,0.33,Very Good,F,VVS,62.0,56.0,859,4.41,4.44,2.74
425,0.9,Ideal,H,VS,60.9,57.0,4201,6.2,6.24,3.79
426,1.02,Premium,G,VS,62.0,57.0,5581,6.48,6.43,4.0
427,0.91,Premium,E,VS,60.6,58.0,5101,6.32,6.25,3.81
428,2.5,Ideal,J,SI,60.7,55.0,15990,8.8,8.66,5.3
429,0.7,Premium,D,SI,62.6,58.0,2550,5.67,5.6,3.53
430,0.83,Very Good,D,SI,63.1,57.0,2918,5.95,5.9,3.74
431,0.41,Ideal,G,IF,62.0,55.0,1425,4.8,4.81,2.98
432,1.11,Very Good,E,VVS,60.2,59.0,11330,6.67,6.79,4.05
433,2.03,Premium,D,SI,61.7,58.0,13229,8.14,8.1,5.01
434,0.47,Premium,G,SI,58.5,60.0,1055,5.09,5.06,2.97
435,0.9,Good,E,IF,63.6,56.0,6804,6.11,6.02,3.86
436,0.3,Ideal,H,VS,62.7,55.0,526,4.25,4.3,2.68
437,0.71,Good,H,VVS,60.4,63.0,2738,5.69,5.74,3.45
438,1.78,Very Good,D,SI,63.4,60.0,10730,7.67,7.61,4.85
439,1.56,Ideal,I,SI,62.5,54.0,9788,7.45,7.37,4.63
440,2.01,Premium,I,VS,62.6,59.0,16778,8.04,8.01,5.02
441,0.38,Ideal,E,SI,62.1,54.1,628,4.64,4.69,2.9
442,1.2,Very Good,F,VS,62.4,58.0,7114,6.76,6.8,4.23
443,0.34,Premium,F,SI,59.8,58.0,566,4.53,4.57,2.72
444,0.35,Ideal,G,VS,60.6,56.0,706,4.57,4.6,2.78
445,0.41,Ideal,D,VVS,62.1,56.0,1356,4.78,4.76,2.96
446,0.71,Premium,F,VS,61.9,59.0,2686,5.75,5.72,3.55
447,0.55,Ideal,F,SI,61.8,55.0,1415,5.27,5.22,3.24
448,0.42,Premium,F,VS,61.9,58.0,884,4.76,4.8,2.96
449,1.01,Good,G,SI,63.7,59.0,4060,6.31,6.38,4.04
450,1.01,Very Good,D,IF,61.6,56.0,16087,6.43,6.46,3.97
451,0.52,Premium,F,SI,59.5,59.0,1244,5.24,5.31,3.14
452,1.79,Ideal,I,VS,61.3,57.0,13908,7.86,7.81,4.8
453,1.03,Good,G,SI,63.7,60.0,3929,6.28,6.35,4.02
454,0.56,Premium,D,SI,61.9,58.0,1814,5.33,5.27,3.28
455,0.24,Very Good,F,VVS,59.4,60.0,478,4.04,4.08,2.41
456,0.24,Very Good,E,VVS,61.1,60.0,478,4.01,4.07,2.47
457,0.97,Ideal,G,SI,61.6,56.0,4743,6.31,6.39,3.91
458,0.33,Very Good,H,VS,62.2,57.0,521,4.42,4.46,2.76
459,2.29,Ideal,J,SI,61.8,56.4,13726,8.4,8.5,5.23
460,0.33,Very Good,J,VS,61.5,61.0,434,4.39,4.46,2.72
461,0.4,Very Good,E,SI,60.8,62.0,687,4.72,4.76,2.88
462,0.7,Premium,F,VS,60.7,60.0,2792,5.78,5.75,3.5
463,0.7,Very Good,D,SI,63.7,58.0,2104,5.56,5.62,3.56
464,0.36,Ideal,G,VS,62.9,57.0,932,4.6,4.56,2.88
465,0.38,Ideal,G,VS,62.0,55.0,882,4.64,4.68,2.89
466,0.32,Premium,H,VVS,62.3,58.0,645,4.33,4.37,2.71
467,0.51,Good,E,SI,57.4,62.0,1266,5.24,5.29,3.02
468,1.58,Very Good,H,SI,62.4,57.0,8620,7.36,7.45,4.62
469,0.4,Ideal,G,VS,62.9,55.0,1104,4.76,4.71,2.98
470,0.33,Ideal,E,VS,62.6,57.0,781,4.4,4.42,2.76
471,0.97,Very Good,F,SI,59.6,59.0,3977,6.41,6.47,3.84
472,0.44,Ideal,E,SI,61.1,56.0,1040,4.92,4.9,3.0
473,0.57,Ideal,E,VS,60.4,57.0,1728,5.36,5.4,3.25
474,0.46,Very Good,G,VS,60.0,56.0,1378,5.05,5.1,3.04
475,1.11,Premium,H,SI,61.1,60.0,5433,6.68,6.62,4.06
476,0.51,Premium,G,VS,62.3,58.0,1781,5.13,5.08,3.18
477,1.83,Premium,I,VS,60.5,60.0,10043,7.93,7.86,4.78
478,0.72,Premium,D,SI,61.3,59.0,2155,5.79,5.76,3.54
479,1.56,Ideal,I,VVS,62.0,56.0,10481,7.39,7.42,4.6
480,1.05,Premium,F,VS,61.0,58.0,7879,6.6,6.55,4.01
481,1.03,Premium,H,VS,59.2,58.0,4874,6.66,6.61,3.92
482,0.3,Ideal,F,IF,60.8,56.0,892,4.35,4.36,2.65
483,0.9,Very Good,J,VS,62.6,55.0,3102,6.11,6.13,3.83
484,0.38,Premium,F,VVS,61.6,58.0,1257,4.66,4.63,2.86
485,0.75,Very Good,H,SI,60.4,60.0,2106,5.89,5.93,3.57
486,0.4,Premium,H,VS,62.4,60.0,807,4.69,4.74,2.94
487,0.42,Ideal,G,VS,62.7,54.0,921,4.8,4.83,3.02
488,1.02,Very Good,F,SI,59.6,59.0,3974,6.51,6.54,3.89
489,1.11,Ideal,H,SI,61.3,55.0,4578,6.65,6.73,4.1
490,0.31,Ideal,H,VS,62.1,54.0,698,4.37,4.3,2.69
491,0.31,Ideal,E,VS,62.0,55.0,680,4.33,4.35,2.69
492,0.41,Ideal,D,VS,62.2,54.0,1007,4.77,4.81,2.98
493,1.7,Good,H,VVS,63.1,57.0,14146,7.52,7.61,4.77
494,1.51,Good,G,VVS,63.8,59.0,13155,7.24,7.28,4.63
495,0.31,Premium,G,VVS,62.5,57.0,1046,4.4,4.3,2.72
496,0.52,Ideal,G,VS,61.1,55.0,1689,5.15,5.19,3.16
497,0.36,Ideal,G,VS,61.6,56.0,932,4.59,4.56,2.82
498,0.29,Ideal,G,IF,62.0,56.0,673,4.23,4.27,2.63
499,0.54,Good,G,VS,59.0,62.0,1640,5.3,5.28,3.12
500,0.32,Very Good,F,VS,59.5,61.0,645,4.42,4.46,2.64
501,0.55,Ideal,J,SI,60.9,57.0,1100,5.24,5.3,3.21
502,0.51,Ideal,F,VVS,62.6,57.0,2093,5.1,5.13,3.2
503,1.5,Very Good,F,SI,62.8,56.0,9904,7.26,7.33,4.58
504,0.35,Ideal,I,IF,61.1,56.0,715,4.56,4.6,2.8
505,1.01,Very Good,E,SI,62.9,59.0,4766,6.3,6.38,3.99
506,0.37,Good,I,VS,64.0,56.0,473,4.58,4.45,2.89
507,1.52,Ideal,H,VS,61.8,54.0,11379,7.42,7.43,4.59
508,1.22,Good,I,VS,59.2,61.0,6713,7.01,6.95,4.13
509,0.7,Premium,D,SI,62.1,60.0,2299,5.71,5.73,3.55
510,1.5,Good,G,SI,63.1,57.0,9116,7.25,7.29,4.59
511,0.71,Very Good,F,VS,60.0,57.0,2807,5.84,5.9,3.52
512,0.31,Ideal,I,SI,62.7,56.0,523,4.34,4.3,2.71
513,0.71,Premium,F,SI,63.0,59.0,2381,5.69,5.62,3.56
514,1.51,Premium,G,SI,62.0,58.0,10020,7.31,7.26,4.52
515,1.51,Good,J,VS,62.8,59.0,7418,7.17,7.2,4.51
516,1.64,Ideal,J,VS,62.4,54.5,9251,7.53,7.57,4.71
517,0.55,Ideal,G,VS,61.2,55.0,1833,5.3,5.35,3.26
518,1.21,Ideal,H,VS,62.6,55.0,7562,6.84,6.78,4.26
519,2.01,Very Good,H,SI,63.1,56.0,11825,8.05,8.0,5.06
520,0.52,Premium,F,SI,62.7,57.0,1073,5.11,5.07,3.19
521,0.55,Very Good,I,SI,61.5,60.0,1087,5.23,5.25,3.22
522,0.7,Premium,H,VS,60.7,59.0,2415,5.68,5.66,3.44
523,0.4,Premium,F,VS,62.6,58.0,842,4.68,4.72,2.94
524,0.61,Premium,D,SI,61.6,58.0,1614,5.37,5.34,3.3
525,0.51,Very Good,J,SI,63.3,56.0,1071,5.12,5.02,3.21
526,0.23,Good,E,VVS,59.9,65.0,439,3.93,3.95,2.36
527,1.4,Very Good,G,VS,60.1,62.0,10351,7.16,7.25,4.33
528,0.59,Ideal,G,IF,62.0,54.0,2444,5.38,5.43,3.35
529,1.63,Very Good,G,VS,62.5,57.0,13253,7.46,7.49,4.67
530,1.31,Premium,I,SI,63.0,58.0,5612,6.97,6.93,4.38
531,1.19,Good,G,VVS,61.1,61.0,8995,6.86,6.83,4.18
532,0.33,Premium,D,SI,62.1,58.0,631,4.43,4.4,2.74
533,1.08,Premium,H,SI,62.6,58.0,5078,6.53,6.56,4.1
534,0.7,Ideal,D,SI,61.0,59.0,2804,5.68,5.7,3.47
535,0.71,Very Good,E,VS,61.6,59.0,3464,5.65,5.72,3.5
536,0.3,Very Good,G,VS,62.9,60.0,605,4.26,4.29,2.69
537,1.13,Ideal,F,SI,59.6,57.0,6391,6.83,6.79,4.06
538,1.53,Premium,G,SI,61.7,59.0,9572,7.31,7.4,4.54
539,0.41,Premium,E,VVS,60.9,56.0,1231,4.84,4.78,2.93
540,0.3,Ideal,G,VVS,60.9,56.8,735,4.34,4.38,2.65
541,1.01,Premium,H,SI,62.3,60.0,3782,6.39,6.32,3.96
542,0.73,Ideal,E,SI,61.8,58.0,2805,5.77,5.81,3.58
543,1.09,Ideal,F,SI,61.2,57.0,4891,6.6,6.64,4.05
544,1.51,Very Good,H,SI,60.8,58.0,7723,7.4,7.51,4.53
545,0.8,Premium,E,VVS,62.9,59.0,4229,5.95,5.88,3.72
546,0.91,Ideal,I,VS,62.1,57.0,3906,6.2,6.23,3.86
547,0.7,Premium,F,VVS,62.6,59.0,3105,5.66,5.62,3.53
548,0.32,Ideal,G,IF,60.9,57.0,918,4.41,4.46,2.7
549,1.01,Premium,F,SI,60.6,59.0,5345,6.52,6.49,3.94
550,1.26,Premium,I,SI,60.1,59.0,5151,7.0,6.91,4.18
551,1.5,Ideal,H,VS,62.2,57.0,10886,7.33,7.27,4.54
552,0.33,Premium,E,VS,61.0,60.0,723,4.43,4.46,2.71
553,1.01,Very Good,D,SI,61.5,56.0,4719,6.39,6.46,3.95
554,1.08,Ideal,H,VS,61.9,54.0,5745,6.61,6.64,4.1
555,0.41,Premium,E,VS,60.6,59.0,1079,4.77,4.8,2.9
556,0.32,Very Good,G,VS,58.4,57.0,524,4.51,4.53,2.64
557,0.61,Very Good,G,VS,62.7,57.0,2082,5.36,5.43,3.38
558,1.37,Very Good,G,VS,58.3,60.0,10226,7.3,7.35,4.27
559,0.54,Ideal,E,VVS,61.1,57.0,2375,5.27,5.24,3.21
560,0.57,Ideal,E,VS,61.8,55.0,1851,5.34,5.38,3.31
561,0.32,Ideal,F,VS,61.9,55.0,602,4.41,4.45,2.74
562,0.4,Very Good,F,VVS,63.3,57.0,1224,4.7,4.68,2.97
563,0.7,Premium,I,VS,60.8,59.0,2268,5.71,5.68,3.46
564,1.13,Premium,D,SI,60.9,59.0,5133,6.65,6.72,4.07
565,0.9,Very Good,F,SI,62.7,59.0,3569,6.1,6.18,3.85
566,0.32,Ideal,E,VS,61.5,56.0,716,4.43,4.45,2.73
567,0.23,Very Good,G,VVS,62.8,55.0,431,3.93,3.95,2.47
568,0.9,Very Good,I,VS,62.0,61.0,3880,6.12,6.18,3.81
569,0.52,Ideal,G,SI,62.2,54.0,1319,5.16,5.19,3.22
570,0.31,Ideal,G,IF,61.3,56.0,891,4.38,4.4,2.69
571,0.7,Ideal,D,VS,62.7,57.0,3448,5.65,5.67,3.55
572,0.53,Very Good,F,SI,62.5,57.0,1322,5.19,5.24,3.26
573,0.4,Premium,F,VS,62.6,58.0,1080,4.72,4.68,2.94
574,1.0,Very Good,D,SI,59.2,62.0,5621,6.49,6.54,3.86
575,0.44,Ideal,H,SI,61.9,57.0,941,4.92,4.9,3.04
576,0.34,Premium,G,VVS,59.0,62.0,1071,4.6,4.56,2.7
577,0.36,Premium,G,VS,59.7,56.0,932,4.67,4.64,2.78
578,0.51,Very Good,I,SI,62.5,58.0,1068,5.05,5.12,3.18
579,1.02,Premium,D,SI,60.2,58.0,5257,6.56,6.53,3.94
580,0.35,Very Good,E,VS,61.9,61.0,716,4.5,4.54,2.8
581,0.32,Ideal,G,IF,61.0,57.0,918,4.41,4.44,2.7
582,0.51,Very Good,G,VVS,62.9,57.0,1800,5.08,5.12,3.21
583,1.52,Ideal,G,VS,62.8,54.0,13809,7.3,7.36,4.61
584,1.52,Ideal,H,SI,60.1,60.0,9235,7.5,7.42,4.48
585,1.01,Premium,F,VS,61.3,58.0,6999,6.44,6.52,3.97
586,0.78,Very Good,H,SI,62.6,59.0,2405,5.81,5.85,3.65
587,0.72,Premium,I,VS,60.9,60.0,2333,5.8,5.76,3.52
588,0.38,Ideal,H,VS,62.1,55.4,714,4.63,4.68,2.89
589,0.41,Very Good,H,SI,61.4,60.0,683,4.73,4.78,2.92
590,0.34,Ideal,E,SI,61.7,56.0,596,4.49,4.52,2.78
591,0.3,Premium,G,SI,59.8,57.0,574,4.37,4.32,2.6
592,0.76,Ideal,I,VS,61.8,58.0,2551,5.84,5.87,3.62
593,0.53,Ideal,D,VS,61.4,56.0,1659,5.18,5.21,3.19
594,1.02,Ideal,G,SI,62.4,56.0,4044,6.42,6.37,3.99
595,1.35,Premium,J,SI,61.1,61.0,5715,7.13,7.1,4.35
596,0.36,Ideal,D,SI,61.6,56.0,801,4.59,4.6,2.83
597,1.16,Ideal,I,VS,60.8,56.0,5587,6.85,6.81,4.15
598,1.02,Premium,G,SI,61.9,58.0,4381,6.47,6.42,3.99
599,0.92,Very Good,E,SI,62.1,58.0,4562,6.15,6.22,3.84
600,0.9,Very Good,H,SI,59.6,59.0,3250,6.38,6.24,3.76
601,0.6,Ideal,E,VS,60.6,56.0,2141,5.47,5.52,3.33
602,2.0,Good,I,VS,63.3,56.0,16544,7.98,8.03,5.07
603,0.55,Very Good,F,SI,60.7,57.0,1316,5.27,5.3,3.21
604,0.7,Premium,F,SI,58.6,59.0,2657,5.83,5.78,3.4
605,0.72,Very Good,J,SI,60.1,58.0,1788,5.79,5.82,3.49
606,0.57,Ideal,G,VVS,60.7,55.0,2206,5.36,5.34,3.25
607,0.38,Ideal,E,VVS,62.4,56.0,1027,4.63,4.69,2.91
608,0.35,Very Good,D,SI,63.3,55.0,669,4.49,4.45,2.83
609,0.76,Good,I,SI,64.1,59.0,2016,5.75,5.73,3.68
610,0.33,Premium,I,VS,61.6,60.0,668,4.45,4.42,2.73
611,0.4,Ideal,F,VVS,61.3,56.0,1263,4.73,4.76,2.91
612,0.36,Very Good,E,VS,61.3,60.0,789,4.55,4.59,2.8
613,0.25,Ideal,F,VS,61.1,58.0,595,4.04,4.08,2.48
614,0.3,Very Good,G,VS,63.5,58.0,725,4.26,4.21,2.69
615,1.25,Very Good,G,VVS,60.2,58.0,11589,6.97,7.04,4.22
616,0.7,Very Good,F,VS,62.0,57.0,2808,5.64,5.71,3.52
617,1.04,Premium,E,SI,61.6,59.0,3392,6.51,6.47,4.0
618,0.34,Very Good,E,SI,63.5,55.0,714,4.47,4.44,2.83
619,0.43,Premium,E,VVS,59.5,58.0,1433,4.92,4.96,2.94
620,0.48,Good,J,SI,64.4,58.0,991,4.87,4.92,3.15
621,1.09,Ideal,I,SI,59.4,61.0,4692,6.68,6.73,3.98
622,1.05,Premium,G,VS,61.8,58.0,6070,6.52,6.59,4.05
623,0.71,Premium,G,SI,60.8,59.0,2913,5.7,5.74,3.48
624,0.32,Very Good,G,VS,61.2,62.0,602,4.41,4.45,2.71
625,0.5,Very Good,E,SI,62.6,56.0,1222,5.06,5.07,3.17
626,0.27,Ideal,I,VS,62.1,56.0,534,4.14,4.18,2.58
627,1.2,Ideal,H,SI,61.0,57.0,5610,6.84,6.9,4.19
628,0.75,Ideal,E,SI,62.0,57.0,2821,5.8,5.78,3.59
629,0.3,Ideal,D,VS,61.5,58.0,670,4.27,4.31,2.64
630,0.56,Ideal,H,VVS,62.1,57.0,1745,5.26,5.3,3.27
631,0.91,Good,I,SI,60.2,59.0,3034,6.24,6.29,3.77
632,1.04,Ideal,G,VVS,61.4,57.0,6173,6.52,6.44,3.98
633,1.2,Good,I,SI,64.4,61.0,5458,6.52,6.59,4.22
634,0.32,Ideal,H,VVS,61.9,56.0,730,4.38,4.41,2.72
635,0.31,Ideal,F,VVS,62.4,55.0,828,4.33,4.36,2.71
636,0.33,Premium,D,SI,60.3,58.0,608,4.47,4.49,2.7
637,1.23,Ideal,F,VS,61.7,57.0,9376,6.9,6.94,4.27
638,0.53,Very Good,I,VS,61.0,57.0,1393,5.22,5.25,3.19
639,0.78,Ideal,D,VS,62.2,57.0,4350,5.86,5.9,3.66
640,0.72,Very Good,D,VS,62.7,58.0,2951,5.65,5.68,3.55
641,0.31,Good,D,SI,63.1,57.0,571,4.3,4.32,2.72
642,1.24,Ideal,G,VVS,61.2,56.0,9362,6.88,6.92,4.22
643,0.5,Ideal,F,VS,61.4,58.0,1601,5.07,5.12,3.13
644,0.31,Very Good,F,SI,58.8,59.0,459,4.44,4.5,2.63
645,0.51,Ideal,E,VS,61.8,56.0,1851,5.17,5.19,3.2
646,0.32,Ideal,F,VVS,61.8,55.0,990,4.41,4.36,2.71
647,0.34,Ideal,E,VVS,62.2,56.0,1014,4.44,4.46,2.77
648,1.01,Good,G,SI,63.7,58.0,3626,6.31,6.35,4.03
649,1.25,Ideal,H,VS,61.1,55.0,8498,6.94,6.97,4.25
650,0.59,Very Good,F,SI,63.0,56.0,1424,5.3,5.34,3.35
651,0.39,Very Good,J,VVS,57.8,59.0,767,4.85,4.9,2.82
652,0.81,Very Good,I,SI,60.3,58.0,2701,6.0,6.04,3.63
653,0.91,Good,G,SI,63.2,61.0,3340,6.01,6.27,3.88
654,0.32,Premium,E,SI,61.2,58.0,449,4.39,4.44,2.7
655,0.8,Very Good,J,VS,63.4,56.0,2321,5.9,5.87,3.73
656,1.11,Ideal,I,SI,61.9,55.0,5329,6.65,6.66,4.12
657,0.72,Ideal,F,VVS,61.2,56.0,3816,5.78,5.81,3.55
658,0.32,Ideal,H,SI,61.2,56.0,430,4.43,4.46,2.72
659,0.5,Premium,E,SI,59.5,59.0,1154,5.16,5.19,3.08
660,1.02,Very Good,D,SI,62.7,60.0,5709,6.34,6.39,3.99
661,0.4,Ideal,D,VS,60.4,56.0,1050,4.77,4.73,2.87
662,0.3,Ideal,E,VS,61.9,56.0,670,4.28,4.31,2.66
663,0.41,Very Good,F,VS,63.0,57.0,931,4.66,4.7,2.95
664,1.01,Ideal,G,VS,61.8,57.0,6504,6.43,6.41,3.97
665,0.96,Very Good,H,SI,63.1,58.0,4064,6.2,6.25,3.93
666,1.13,Premium,J,SI,61.3,59.0,4214,6.77,6.67,4.12
667,0.72,Ideal,J,SI,61.7,56.0,1853,5.77,5.81,3.57
668,1.08,Premium,F,SI,60.2,59.0,4407,6.6,6.65,3.99
669,0.32,Premium,F,VS,59.7,59.0,828,4.44,4.41,2.64
670,2.05,Very Good,H,SI,62.4,58.0,15949,8.1,8.15,5.07
671,0.31,Ideal,D,VS,59.0,57.0,942,4.48,4.44,2.63
672,0.34,Ideal,E,SI,61.4,54.0,765,4.53,4.5,2.77
673,0.55,Premium,F,SI,61.9,59.0,1617,5.29,5.24,3.26
674,0.51,Ideal,D,VS,61.8,55.0,1787,5.1,5.16,3.17
675,0.77,Premium,F,SI,60.8,59.0,2856,5.92,5.86,3.58
676,1.02,Very Good,D,VS,59.8,61.0,6785,6.54,6.61,3.93
677,0.51,Very Good,F,SI,63.1,54.0,1312,5.12,5.06,3.21
678,0.44,Premium,G,SI,61.9,58.0,990,4.87,4.83,3.0
679,0.3,Very Good,H,VS,60.9,61.0,473,4.32,4.35,2.64
680,1.04,Ideal,J,VS,61.3,54.0,4550,6.53,6.55,4.01
681,0.51,Very Good,D,VS,62.9,56.0,1597,5.07,5.1,3.2
682,0.3,Ideal,D,SI,62.0,56.0,709,4.34,4.3,2.68
683,0.6,Ideal,H,VS,62.0,53.0,1772,5.44,5.46,3.38
684,0.9,Premium,F,VS,62.7,58.0,5000,6.17,6.14,3.86
685,1.2,Ideal,F,VS,62.3,55.0,8334,6.79,6.83,4.24
686,0.42,Premium,H,VVS,62.4,57.0,984,4.83,4.78,3.0
687,0.41,Ideal,H,SI,62.4,53.0,722,4.78,4.81,2.99
688,1.04,Very Good,I,SI,62.0,57.0,4290,6.47,6.5,4.02
689,1.21,Ideal,E,VS,61.7,56.0,12111,6.82,6.85,4.22
690,0.53,Ideal,E,VS,61.4,56.0,1721,5.21,5.24,3.21
691,1.08,Ideal,E,SI,62.6,57.0,5189,6.56,6.53,4.1
692,0.71,Ideal,I,VVS,61.6,56.0,2145,5.72,5.8,3.56
693,0.38,Good,H,VVS,63.3,58.0,967,4.57,4.62,2.91
694,0.9,Very Good,G,SI,63.2,59.0,3669,6.1,6.05,3.84
695,0.52,Ideal,G,VVS,62.3,55.0,2012,5.16,5.12,3.2
696,0.67,Premium,H,VVS,60.6,61.0,2171,5.65,5.61,3.41
697,0.42,Ideal,D,VS,62.4,55.0,1103,4.82,4.8,3.0
698,0.25,Ideal,G,VS,62.5,55.0,454,4.0,4.02,2.51
699,0.3,Premium,G,VVS,62.3,59.0,878,4.29,4.25,2.66
700,0.3,Premium,I,SI,61.6,62.0,506,4.3,4.27,2.64
701,2.05,Ideal,F,SI,62.0,56.0,17957,8.12,8.19,5.06
702,0.38,Ideal,F,SI,61.3,55.0,568,4.67,4.69,2.87
703,1.29,Very Good,J,SI,61.2,58.0,5209,6.97,7.02,4.28
704,0.31,Very Good,H,VVS,62.6,58.0,625,4.28,4.31,2.69
705,0.4,Very Good,D,VS,62.9,55.0,1004,4.73,4.77,2.99
706,2.04,Good,H,SI,58.4,60.0,18026,8.31,8.36,4.87
707,0.74,Ideal,G,VS,61.8,55.0,2960,5.85,5.8,3.6
708,0.7,Very Good,G,VVS,63.3,59.0,2905,5.59,5.62,3.55
709,0.31,Ideal,G,SI,62.2,55.0,593,4.38,4.36,2.72
710,1.21,Good,H,SI,63.8,64.0,5407,6.72,6.63,4.26
711,0.52,Ideal,E,VS,62.1,57.0,1617,5.22,5.19,3.23
712,0.31,Ideal,H,VS,62.0,53.0,562,4.34,4.37,2.7
713,0.74,Very Good,G,SI,62.8,59.0,2262,5.71,5.76,3.6
714,1.19,Ideal,G,VS,61.9,55.0,8034,6.81,6.87,4.22
715,1.09,Premium,H,VS,61.4,58.0,5677,6.64,6.58,4.06
716,0.57,Very Good,E,VS,63.0,59.0,1654,5.25,5.29,3.32
717,0.31,Premium,H,VVS,62.1,58.0,707,4.33,4.36,2.7
718,1.16,Premium,I,SI,62.1,58.0,4326,6.78,6.71,4.19
719,0.43,Very Good,E,SI,63.4,57.0,948,4.84,4.81,3.06
720,0.4,Very Good,F,SI,62.1,57.0,687,4.65,4.69,2.9
721,0.34,Very Good,E,VS,62.6,58.0,745,4.43,4.45,2.78
722,1.03,Premium,H,VS,62.4,60.0,5883,6.48,6.43,4.03
723,0.51,Ideal,F,VVS,62.2,55.0,1998,5.12,5.11,3.18
724,0.32,Good,D,SI,63.1,57.0,589,4.37,4.38,2.76
725,0.24,Very Good,F,VVS,62.1,58.0,478,3.96,4.03,2.48
726,0.8,Premium,F,SI,61.4,58.0,2447,5.95,5.93,3.65
727,0.41,Premium,E,VS,61.9,59.0,1079,4.77,4.8,2.96
728,0.36,Ideal,I,VS,61.8,55.0,523,4.6,4.63,2.85
729,0.31,Ideal,G,VS,61.4,57.0,574,4.35,4.38,2.68
730,0.91,Very Good,E,VS,61.8,60.0,5530,6.17,6.2,3.82
731,0.53,Very Good,H,VS,63.3,56.0,1561,5.13,5.17,3.26
732,1.1,Premium,I,SI,62.6,59.0,4269,6.57,6.53,4.1
733,0.3,Very Good,H,VS,63.4,53.0,675,4.3,4.25,2.71
734,0.71,Very Good,E,SI,62.2,58.0,2423,5.65,5.7,3.53
735,0.26,Ideal,G,SI,61.8,55.0,377,4.08,4.11,2.53
736,1.0,Very Good,G,VS,63.3,58.0,6048,6.39,6.27,4.01
737,1.26,Ideal,G,VS,61.5,57.0,5792,6.94,6.89,4.25
738,0.34,Premium,G,SI,62.8,58.0,574,4.46,4.43,2.79
739,0.94,Very Good,E,SI,62.0,58.0,3886,6.23,6.29,3.88
740,0.52,Premium,G,SI,59.6,62.0,1338,5.23,5.18,3.1
741,0.7,Premium,D,VS,61.6,61.0,3001,5.66,5.61,3.47
742,0.38,Ideal,F,VVS,62.0,54.1,1010,4.66,4.68,2.9
743,1.71,Premium,H,VS,62.5,58.0,13376,7.64,7.52,4.74
744,0.3,Good,J,VS,63.4,57.0,394,4.23,4.26,2.69
745,1.59,Ideal,F,VS,62.9,57.0,17366,7.38,7.48,4.62
746,0.52,Ideal,G,VVS,62.3,55.0,1911,5.12,5.16,3.2
747,0.34,Good,F,SI,61.9,56.0,581,4.5,4.52,2.79
748,0.47,Good,E,VVS,64.0,62.0,1690,4.9,4.97,3.16
749,0.61,Ideal,E,VS,61.7,55.0,2285,5.45,5.47,3.37
750,1.01,Premium,G,VS,60.2,59.0,5864,6.55,6.48,3.92
751,0.35,Good,H,SI,63.2,57.0,504,4.48,4.51,2.84
752,0.71,Premium,E,VS,62.7,58.0,2776,5.74,5.68,3.58
753,1.0,Premium,G,VVS,62.8,59.0,7840,6.43,6.38,4.02
754,0.31,Premium,H,IF,61.0,58.0,1046,4.38,4.34,2.66
755,0.38,Ideal,E,SI,62.3,53.0,660,4.65,4.69,2.91
756,0.53,Ideal,D,VVS,62.2,56.0,2563,5.18,5.21,3.23
757,1.2,Premium,F,SI,61.0,62.0,6774,6.96,6.81,4.2
758,0.33,Ideal,F,VS,62.6,55.0,854,4.42,4.4,2.76
759,0.3,Ideal,H,VVS,61.1,55.0,776,4.36,4.32,2.65
760,0.68,Good,J,VS,61.6,65.0,1341,5.63,5.57,3.45
761,0.41,Premium,G,VVS,60.0,59.0,1230,4.84,4.83,2.9
762,0.41,Premium,E,VS,60.7,59.0,1030,4.79,4.77,2.9
763,0.39,Ideal,F,SI,62.5,55.0,718,4.63,4.68,2.91
764,0.3,Premium,E,VVS,61.3,59.0,956,4.33,4.28,2.64
765,0.32,Ideal,G,IF,61.2,57.0,1020,4.43,4.4,2.7
766,0.8,Premium,E,SI,59.9,58.0,2939,6.03,5.96,3.59
767,1.23,Good,J,VS,63.6,60.0,4727,6.77,6.73,4.29
768,0.59,Ideal,E,VS,61.6,57.0,2172,5.35,5.39,3.31
769,0.41,Premium,G,VS,62.1,60.0,899,4.72,4.78,2.95
770,1.12,Very Good,G,VS,62.2,59.0,7687,6.58,6.61,4.1
771,0.3,Ideal,F,VS,62.1,55.0,776,4.31,4.26,2.66
772,0.23,Ideal,F,VVS,61.0,57.0,530,3.98,4.02,2.44
773,0.54,Ideal,F,VS,62.5,56.0,1819,5.18,5.22,3.25
774,1.02,Very Good,I,SI,62.9,58.0,3927,6.36,6.42,4.02
775,0.51,Ideal,F,VVS,61.4,56.0,2025,5.16,5.17,3.17
776,2.33,Ideal,I,VS,62.4,57.0,15073,8.52,8.47,5.31
777,0.41,Premium,E,VVS,61.8,59.0,1187,4.74,4.78,2.94
778,0.92,Good,E,SI,63.2,58.0,4258,6.16,6.18,3.9
779,1.52,Ideal,G,SI,60.7,57.0,9704,7.41,7.38,4.49
780,2.09,Good,I,SI,57.9,63.0,16294,8.37,8.46,4.87
781,0.41,Very Good,G,VS,62.7,57.0,899,4.74,4.77,2.98
782,0.31,Premium,G,VS,62.4,59.0,544,4.34,4.38,2.72
783,1.14,Ideal,F,VVS,62.2,56.0,11844,6.69,6.67,4.16
784,0.33,Very Good,H,VS,62.9,59.0,579,4.35,4.4,2.75
785,1.04,Premium,D,SI,61.0,59.0,4811,6.54,6.51,3.98
786,0.41,Ideal,F,VVS,62.1,57.0,1356,4.79,4.75,2.96
787,0.71,Ideal,I,SI,61.3,56.0,2660,5.72,5.75,3.52
788,1.54,Premium,D,SI,59.9,62.0,9821,7.51,7.44,4.48
789,0.94,Very Good,D,SI,62.0,57.0,3634,6.28,6.34,3.91
790,0.91,Premium,I,VS,63.0,58.0,3282,6.15,6.07,3.85
791,0.71,Good,H,SI,63.5,57.0,2096,5.64,5.67,3.59
792,0.54,Good,E,SI,59.9,63.0,1601,5.25,5.3,3.16
793,0.73,Ideal,E,VS,62.4,57.0,3201,5.75,5.79,3.6
794,0.32,Ideal,F,VS,61.5,55.0,645,4.4,4.42,2.71
795,0.31,Ideal,H,SI,61.3,55.0,421,4.35,4.38,2.67
796,1.06,Very Good,E,VVS,63.4,55.0,9680,6.46,6.51,4.11
797,0.32,Very Good,H,VVS,63.4,56.0,828,4.37,4.34,2.76
798,1.01,Premium,G,VS,61.7,56.0,6882,6.53,6.46,4.01
799,0.52,Ideal,F,SI,62.1,55.0,1191,5.14,5.17,3.2
800,1.52,Premium,H,VS,61.1,59.0,11066,7.45,7.38,4.53
801,0.6,Premium,E,SI,59.6,59.0,2016,5.52,5.48,3.28
802,0.7,Very Good,F,SI,59.1,59.0,2278,5.76,5.91,3.45
803,1.0,Premium,D,SI,60.9,59.0,5286,6.46,6.41,3.92
804,2.32,Good,J,SI,60.3,61.0,13654,8.56,8.52,5.15
805,0.71,Very Good,I,VVS,63.5,57.0,2456,5.65,5.68,3.6
806,2.3,Premium,I,SI,61.3,58.0,11051,8.53,8.46,5.21
807,0.7,Ideal,E,VS,60.5,59.0,3201,5.72,5.75,3.47
808,0.94,Very Good,G,VVS,63.3,57.0,6088,6.21,6.14,3.91
809,1.0,Ideal,G,VS,62.7,53.0,7114,6.39,6.46,4.03
810,0.47,Ideal,D,VVS,61.9,54.0,2378,4.98,5.0,3.09
811,0.71,Ideal,I,VS,62.3,59.0,2368,5.68,5.72,3.55
812,0.31,Ideal,J,VVS,62.4,54.0,461,4.32,4.35,2.7
813,1.01,Premium,G,SI,62.5,60.0,4327,6.39,6.34,3.98
814,0.31,Ideal,E,VVS,61.5,59.0,789,4.36,4.39,2.69
815,0.55,Premium,E,SI,59.7,58.0,1364,5.35,5.33,3.19
816,0.31,Very Good,E,VS,61.2,61.0,587,4.29,4.37,2.65
817,0.58,Ideal,H,VS,62.4,58.0,1600,5.3,5.34,3.32
818,0.91,Good,G,SI,64.3,60.0,3344,6.04,6.12,3.91
819,0.33,Premium,G,VS,61.8,59.0,854,4.45,4.39,2.73
820,1.58,Premium,J,SI,59.8,58.0,7654,7.61,7.57,4.54
821,0.7,Premium,G,VVS,62.8,58.0,3234,5.68,5.62,3.55
822,0.72,Ideal,J,SI,62.6,56.0,1966,5.67,5.74,3.57
823,0.32,Ideal,G,VS,60.7,56.0,602,4.43,4.46,2.7
824,0.4,Very Good,D,VVS,62.6,55.0,1168,4.7,4.72,2.95
825,0.43,Very Good,E,SI,61.8,60.0,688,4.83,4.85,2.99
826,0.54,Premium,H,VS,62.4,55.0,1637,5.25,5.2,3.26
827,1.51,Very Good,I,SI,63.5,57.0,8214,7.19,7.24,4.58
828,1.07,Very Good,H,VS,62.5,56.0,6262,6.52,6.55,4.08
829,1.03,Ideal,G,SI,62.3,59.0,4928,6.44,6.46,4.02
830,1.12,Ideal,D,VS,62.0,55.0,8279,6.63,6.66,4.12
831,0.71,Good,E,SI,57.8,60.0,2215,5.86,5.83,3.38
832,0.9,Very Good,H,SI,61.5,59.0,3208,6.15,6.2,3.8
833,0.83,Ideal,F,SI,62.0,55.0,3774,6.03,6.07,3.75
834,0.33,Premium,H,VS,60.4,60.0,521,4.48,4.52,2.72
835,0.53,Ideal,G,SI,61.8,58.0,1255,5.16,5.19,3.2
836,0.27,Very Good,F,VS,62.5,56.0,518,4.14,4.18,2.6
837,0.73,Very Good,F,VS,61.8,59.0,2843,5.73,5.79,3.56
838,0.39,Ideal,I,SI,62.4,54.0,534,4.67,4.69,2.92
839,1.11,Ideal,I,SI,61.9,57.0,4709,6.62,6.67,4.11
840,0.41,Ideal,G,SI,61.0,57.0,836,4.82,4.79,2.93
841,0.31,Ideal,G,IF,61.8,56.0,891,4.33,4.37,2.69
842,0.71,Very Good,G,SI,62.4,54.0,2171,5.72,5.76,3.58
843,1.2,Premium,G,VVS,59.7,60.0,9475,7.0,6.91,4.15
844,0.5,Ideal,G,VVS,61.2,56.0,1935,5.13,5.1,3.13
845,1.04,Ideal,H,VS,62.2,57.0,6133,6.46,6.49,4.03
846,1.02,Ideal,H,SI,60.5,57.0,4297,6.52,6.56,3.95
847,0.91,Ideal,D,SI,62.2,57.0,2803,6.21,6.15,3.85
848,0.24,Ideal,G,IF,61.8,55.0,559,3.99,4.02,2.47
849,0.32,Ideal,G,VS,61.9,55.0,602,4.4,4.42,2.73
850,0.37,Premium,D,VS,61.0,56.0,989,4.68,4.63,2.84
851,2.14,Premium,I,SI,61.3,61.0,15913,8.32,8.28,5.09
852,0.73,Premium,G,VS,60.3,57.0,2581,5.88,5.82,3.53
853,0.7,Very Good,H,SI,62.6,57.0,1830,5.64,5.7,3.55
854,1.01,Very Good,F,VVS,61.8,55.0,8532,6.36,6.45,3.96
855,1.08,Ideal,H,VVS,62.5,54.0,6961,6.56,6.58,4.1
856,1.08,Premium,J,SI,61.0,60.0,4173,6.62,6.57,4.02
857,0.53,Premium,E,VS,61.4,58.0,1579,5.24,5.19,3.2
858,0.71,Premium,G,VVS,62.1,57.0,2832,5.75,5.65,3.54
859,0.3,Ideal,D,VS,62.5,54.0,911,4.32,4.29,2.69
860,0.3,Ideal,F,VS,61.4,57.0,605,4.34,4.36,2.67
861,2.04,Premium,H,VS,60.7,61.0,18104,8.18,8.1,4.94
862,1.51,Good,I,VS,62.9,57.0,8720,7.23,7.27,4.56
863,0.3,Ideal,H,VVS,62.2,57.0,605,4.26,4.29,2.66
864,1.21,Premium,H,VS,62.3,58.0,7094,6.77,6.84,4.24
865,0.71,Premium,D,SI,61.3,58.0,2797,5.73,5.75,3.52
866,0.31,Ideal,D,VS,62.1,57.0,877,4.35,4.32,2.69
867,0.71,Very Good,F,VVS,63.2,60.0,2862,5.65,5.61,3.56
868,0.3,Ideal,E,VS,61.7,55.0,844,4.32,4.3,2.66
869,0.34,Very Good,F,SI,63.3,54.0,574,4.48,4.46,2.83
870,1.52,Ideal,G,SI,61.3,57.0,8852,7.39,7.36,4.52
871,0.32,Ideal,G,VS,59.8,57.9,696,4.44,4.47,2.67
872,2.01,Ideal,I,VS,60.7,57.0,17197,8.21,8.17,4.97
873,1.07,Ideal,H,SI,62.4,55.0,4840,6.56,6.59,4.1
874,0.32,Premium,G,VS,61.1,58.0,561,4.42,4.45,2.71
875,0.34,Ideal,F,VS,62.1,57.0,956,4.53,4.49,2.8
876,0.72,Ideal,F,VVS,62.3,57.0,3740,5.72,5.74,3.57
877,2.01,Very Good,J,SI,63.3,56.0,10490,7.86,7.96,5.01
878,0.69,Very Good,D,SI,57.6,62.0,2227,5.83,5.9,3.38
879,0.49,Very Good,E,SI,63.6,57.9,1400,4.96,4.99,3.16
880,1.21,Premium,H,SI,62.4,56.0,6566,6.83,6.79,4.25
881,0.64,Premium,E,SI,61.3,58.0,1811,5.57,5.53,3.4
882,0.28,Very Good,F,VVS,60.2,58.0,628,4.26,4.28,2.57
883,0.55,Good,G,SI,63.6,61.0,1213,5.22,5.16,3.3
884,2.1,Ideal,J,VS,61.5,61.0,13462,8.21,8.16,5.03
885,0.71,Good,E,SI,58.4,61.0,2573,5.85,5.93,3.44
886,0.47,Premium,G,SI,58.8,58.0,1086,5.11,5.06,2.99
887,0.38,Very Good,D,VVS,60.0,62.0,1200,4.7,4.73,2.83
888,0.71,Premium,H,VVS,61.5,62.0,2863,5.74,5.68,3.51
889,0.8,Very Good,H,SI,62.7,56.0,2481,5.83,5.91,3.68
890,0.57,Ideal,G,SI,62.1,56.0,1384,5.28,5.32,3.29
891,0.38,Ideal,F,VS,61.2,57.0,889,4.67,4.64,2.85
892,1.46,Ideal,H,SI,62.4,55.0,8855,7.26,7.22,4.52
893,1.0,Very Good,E,VS,62.9,59.0,6245,6.27,6.38,3.98
894,1.01,Premium,F,SI,61.7,58.0,5202,6.44,6.39,3.96
895,0.71,Ideal,I,VS,62.2,54.0,2557,5.71,5.75,3.56
896,0.4,Ideal,E,VS,61.1,57.0,1291,4.75,4.78,2.97
897,1.02,Very Good,F,VVS,63.7,59.0,9728,6.34,6.38,4.05
898,0.43,Very Good,I,IF,61.0,56.0,998,4.9,4.93,3.0
899,0.31,Ideal,E,VS,60.5,56.0,872,4.41,4.38,2.66
900,0.78,Ideal,F,VS,61.6,56.0,3537,5.9,5.92,3.64
901,0.7,Premium,D,VS,61.0,59.0,3501,5.79,5.72,3.51
902,1.0,Very Good,F,VS,62.2,55.0,6340,6.39,6.44,3.99
903,0.35,Ideal,G,SI,61.3,56.0,522,4.54,4.56,2.79
904,0.72,Very Good,J,VS,62.7,58.0,1988,5.67,5.72,3.57
905,1.16,Ideal,G,VS,62.3,57.0,7203,6.72,6.66,4.17
906,0.34,Ideal,H,VS,61.4,57.0,689,4.55,4.48,2.77
907,0.56,Premium,F,SI,60.2,58.0,1715,5.36,5.33,3.22
908,1.04,Ideal,I,VS,62.9,43.0,4997,6.45,6.41,4.04
909,0.9,Very Good,E,VVS,62.0,55.0,6466,6.08,6.17,3.8
910,1.54,Premium,F,SI,62.8,57.0,7494,7.36,7.28,4.6
911,0.51,Ideal,D,SI,62.4,57.0,1687,5.13,5.09,3.19
912,0.38,Ideal,F,SI,62.5,53.7,693,4.64,4.66,2.91
913,0.37,Ideal,I,IF,61.4,55.0,754,4.65,4.67,2.86
914,0.77,Very Good,G,VS,60.9,55.0,3243,5.9,5.96,3.61
915,0.5,Good,F,VS,58.8,64.0,1433,5.21,5.16,3.05
916,0.24,Ideal,G,IF,60.8,58.0,559,4.01,4.05,2.44
917,1.01,Very Good,E,SI,63.1,60.0,5002,6.37,6.34,4.01
918,1.0,Premium,F,SI,59.2,61.0,3562,6.59,6.51,3.87
919,1.15,Ideal,H,SI,62.0,57.0,4830,6.75,6.66,4.16
920,0.31,Good,H,SI,63.6,57.0,435,4.28,4.31,2.73
921,1.58,Very Good,H,VS,60.3,62.0,12483,7.53,7.57,4.55
922,0.41,Very Good,H,SI,61.5,59.0,593,4.8,4.82,2.96
923,0.32,Ideal,D,VS,61.0,56.0,758,4.42,4.46,2.71
924,1.21,Ideal,E,VS,60.3,60.0,9449,6.92,6.88,4.16
925,1.38,Very Good,F,VS,61.4,61.0,11286,7.1,7.14,4.37
926,0.57,Very Good,F,SI,62.6,58.0,1403,5.28,5.32,3.32
927,0.32,Ideal,E,VS,61.3,56.0,612,4.41,4.46,2.72
928,0.57,Ideal,H,VS,61.3,55.1,1720,5.34,5.42,3.29
929,0.32,Very Good,E,SI,62.2,57.0,561,4.38,4.43,2.74
930,2.03,Premium,H,VS,62.6,59.0,18139,8.1,8.06,5.06
931,0.32,Premium,G,IF,59.9,58.0,1020,4.43,4.42,2.65
932,0.39,Ideal,E,VVS,62.1,54.6,1100,4.67,4.7,2.91
933,0.27,Ideal,E,VVS,62.3,56.0,622,4.15,4.17,2.59
934,0.31,Premium,E,VS,61.7,58.0,942,4.36,4.3,2.67
935,1.01,Premium,G,SI,60.5,58.0,4327,6.55,6.47,3.94
936,0.72,Very Good,E,VS,63.0,56.0,2949,5.66,5.73,3.59
937,1.53,Ideal,I,VS,62.3,57.0,9189,7.3,7.35,4.56
938,0.32,Ideal,E,IF,61.1,56.0,1018,4.42,4.48,2.72
939,0.3,Ideal,E,VVS,60.7,57.0,622,4.36,4.41,2.66
940,0.31,Ideal,G,VVS,62.7,57.0,707,4.31,4.34,2.71
941,1.17,Premium,F,SI,62.5,57.0,4259,6.8,6.71,4.22
942,0.31,Ideal,G,IF,62.1,56.0,871,4.31,4.34,2.69
943,0.77,Ideal,H,VS,60.9,56.0,3332,5.89,5.94,3.61
944,1.6,Ideal,H,IF,61.5,53.0,16300,7.57,7.69,4.66
945,1.19,Premium,I,VS,59.3,59.0,4591,6.98,6.88,4.11
946,0.24,Premium,E,VVS,60.7,58.0,710,4.03,4.01,2.44
947,0.71,Premium,E,SI,61.4,59.0,2306,5.74,5.7,3.51
948,0.34,Ideal,I,VS,62.0,54.0,501,4.49,4.51,2.79
949,0.82,Premium,G,SI,62.3,58.0,2456,5.96,5.98,3.72
950,0.3,Ideal,G,VS,61.0,57.0,484,4.33,4.36,2.65
951,1.14,Premium,F,VVS,60.8,58.0,10878,6.79,6.74,4.11
952,0.36,Premium,E,VS,61.5,59.0,933,4.6,4.57,2.82
953,0.34,Ideal,G,SI,62.7,57.0,473,4.48,4.51,2.82
954,1.01,Premium,J,SI,61.2,59.0,3733,6.43,6.37,3.92
955,0.41,Very Good,H,VS,62.0,56.0,827,4.74,4.78,2.95
956,1.01,Ideal,E,VS,61.5,57.0,7727,6.47,6.44,3.97
957,0.51,Very Good,H,SI,62.0,57.0,1170,5.11,5.19,3.19
958,0.61,Ideal,E,VVS,61.3,54.0,2823,5.51,5.59,3.4
959,0.32,Ideal,G,VVS,61.9,56.0,842,4.39,4.4,2.72
960,0.51,Ideal,D,VVS,61.3,56.0,3223,5.14,5.15,3.16
961,0.32,Ideal,D,SI,62.9,56.0,706,4.4,4.38,2.76
